Workbook

Sheet ObesityDataSet_raw_and_data_sin
A1: Gender | B1: Age | C1: Height | D1: Weight | E1: family_history_with_overweight | F1: FAVC | G1: FCVC | H1: NCP | I1: CAEC | J1: SMOKE | K1: CH2O | L1: SCC | M1: FAF | N1: TUE | O1: CALC | P1: MTRANS | Q1: NObeyesdad
A2: Female | B2: 21 | C2: 1.62 | D2: 64 | E2: yes | F2: no | G2: 2 | H2: 3 | I2: Sometimes | J2: no | K2: 2 | L2: no | M2: 0 | N2: 1 | O2: no | P2: Public_Transportation | Q2: Normal_Weight
A3: Female | B3: 21 | C3: 1.52 | D3: 56 | E3: yes | F3: no | G3: 3 | H3: 3 | I3: Sometimes | J3: yes | K3: 3 | L3: yes | M3: 3 | N3: 0 | O3: Sometimes | P3: Public_Transportation | Q3: Normal_Weight
A4: Male | B4: 23 | C4: 1.8 | D4: 77 | E4: yes | F4: no | G4: 2 | H4: 3 | I4: Sometimes | J4: no | K4: 2 | L4: no | M4: 2 | N4: 1 | O4: Frequently | P4: Public_Transportation | Q4: Normal_Weight
A5: Male | B5: 27 | C5: 1.8 | D5: 87 | E5: no | F5: no | G5: 3 | H5: 3 | I5: Sometimes | J5: no | K5: 2 | L5: no | M5: 2 | N5: 0 | O5: Frequently | P5: Walking | Q5: Overweight_Level_I
A6: Male | B6: 22 | C6: 1.78 | D6: 89.8 | E6: no | F6: no | G6: 2 | H6: 1 | I6: Sometimes | J6: no | K6: 2 | L6: no | M6: 0 | N6: 0 | O6: Sometimes | P6: Public_Transportation | Q6: Overweight_Level_II
A7: Male | B7: 29 | C7: 1.62 | D7: 53 | E7: no | F7: yes | G7: 2 | H7: 3 | I7: Sometimes | J7: no | K7: 2 | L7: no | M7: 0 | N7: 0 | O7: Sometimes | P7: Automobile | Q7: Normal_Weight
A8: Female | B8: 23 | C8: 1.5 | D8: 55 | E8: yes | F8: yes | G8: 3 | H8: 3 | I8: Sometimes | J8: no | K8: 2 | L8: no | M8: 1 | N8: 0 | O8: Sometimes | P8: Motorbike | Q8: Normal_Weight
A9: Male | B9: 22 | C9: 1.64 | D9: 53 | E9: no | F9: no | G9: 2 | H9: 3 | I9: Sometimes | J9: no | K9: 2 | L9: no | M9: 3 | N9: 0 | O9: Sometimes | P9: Public_Transportation | Q9: Normal_Weight
A10: Male | B10: 24 | C10: 1.78 | D10: 64 | E10: yes | F10: yes | G10: 3 | H10: 3 | I10: Sometimes | J10: no | K10: 2 | L10: no | M10: 1 | N10: 1 | O10: Frequently | P10: Public_Transportation | Q10: Normal_Weight
A11: Male | B11: 22 | C11: 1.72 | D11: 68 | E11: yes | F11: yes | G11: 2 | H11: 3 | I11: Sometimes | J11: no | K11: 2 | L11: no | M11: 1 | N11: 1 | O11: no | P11: Public_Transportation | Q11: Normal_Weight
A12: Male | B12: 26 | C12: 1.85 | D12: 105 | E12: yes | F12: yes | G12: 3 | H12: 3 | I12: Frequently | J12: no | K12: 3 | L12: no | M12: 2 | N12: 2 | O12: Sometimes | P12: Public_Transportation | Q12: Obesity_Type_I
A13: Female | B13: 21 | C13: 1.72 | D13: 80 | E13: yes | F13: yes | G13: 2 | H13: 3 | I13: Frequently | J13: no | K13: 2 | L13: yes | M13: 2 | N13: 1 | O13: Sometimes | P13: Public_Transportation | Q13: Overweight_Level_II
... A2112: Female | B2112: 23.664709 | C2112: 1.738836 | D2112: 133.47264 | E2112: yes | F2112: yes | G2112: 3 | H2112: 3 | I2112: Sometimes | J2112: no | K2112: 2.863513 | L2112: no | M2112: 1.026452 | N2112: 0.714137 | O2112: Sometimes | P2112: Public_Transportation | Q2112: Obesity_Type_III

Sheet Derived Fields
A1: Gender | B1: Height | C1: Weight | D1: NObeyesdad | E1: Short Stature | F1: BMI | G1: Mexico_Standard | H1: Class_Compare_Normal | I1: Class_Compare_Overweight
A2: =ObesityDataSet_raw_and_data_sin!A2 -> Female | B2: =ObesityDataSet_raw_and_data_sin!C2 -> 1.62 | C2: =ObesityDataSet_raw_and_data_sin!D2 -> 64 | D2: =ObesityDataSet_raw_and_data_sin!Q2 -> Normal_Weight | E2: =IF(AND(A2="Female", B2<1.5), TRUE, IF(AND(A2="Male",B2<1.6),TRUE, FALSE)) -> FALSE | F2: =C2/(B2*B2) -> 24.386526 | G2: =IF(E2=TRUE,IF(F2<23,"Normal",IF(F2<25,"Overweight","Obese")),IF(F2<25,"Normal",IF(F2<30,"Overweight","Obese"))) -> Normal | H2: =IF(AND(D2="Normal_Weight",G2<>"Normal"),"ERROR","OK") -> OK | I2: =IF(AND(LEFT(D2,10)="Overweight",G2<>"Overweight"),"ERROR","OK") -> OK
A3: =ObesityDataSet_raw_and_data_sin!A3 -> Female | B3: =ObesityDataSet_raw_and_data_sin!C3 -> 1.52 | C3: =ObesityDataSet_raw_and_data_sin!D3 -> 56 | D3: =ObesityDataSet_raw_and_data_sin!Q3 -> Normal_Weight | E3: =IF(AND(A3="Female", B3<1.5), TRUE, IF(AND(A3="Male",B3<1.6),TRUE, FALSE)) -> FALSE | F3: =C3/(B3*B3) -> 24.238227 | G3: =IF(E3=TRUE,IF(F3<23,"Normal",IF(F3<25,"Overweight","Obese")),IF(F3<25,"Normal",IF(F3<30,"Overweight","Obese"))) -> Normal | H3: =IF(AND(D3="Normal_Weight",G3<>"Normal"),"ERROR","OK") -> OK | I3: =IF(AND(LEFT(D3,10)="Overweight",G3<>"Overweight"),"ERROR","OK") -> OK
A4: =ObesityDataSet_raw_and_data_sin!A4 -> Male | B4: =ObesityDataSet_raw_and_data_sin!C4 -> 1.8 | C4: =ObesityDataSet_raw_and_data_sin!D4 -> 77 | D4: =ObesityDataSet_raw_and_data_sin!Q4 -> Normal_Weight | E4: =IF(AND(A4="Female", B4<1.5), TRUE, IF(AND(A4="Male",B4<1.6),TRUE, FALSE)) -> FALSE | F4: =C4/(B4*B4) -> 23.765432 | G4: =IF(E4=TRUE,IF(F4<23,"Normal",IF(F4<25,"Overweight","Obese")),IF(F4<25,"Normal",IF(F4<30,"Overweight","Obese"))) -> Normal | H4: =IF(AND(D4="Normal_Weight",G4<>"Normal"),"ERROR","OK") -> OK | I4: =IF(AND(LEFT(D4,10)="Overweight",G4<>"Overweight"),"ERROR","OK") -> OK
A5: =ObesityDataSet_raw_and_data_sin!A5 -> Male | B5: =ObesityDataSet_raw_and_data_sin!C5 -> 1.8 | C5: =ObesityDataSet_raw_and_data_sin!D5 -> 87 | D5: =ObesityDataSet_raw_and_data_sin!Q5 -> Overweight_Level_I | E5: =IF(AND(A5="Female", B5<1.5), TRUE, IF(AND(A5="Male",B5<1.6),TRUE, FALSE)) -> FALSE | F5: =C5/(B5*B5) -> 26.851852 | G5: =IF(E5=TRUE,IF(F5<23,"Normal",IF(F5<25,"Overweight","Obese")),IF(F5<25,"Normal",IF(F5<30,"Overweight","Obese"))) -> Overweight | H5: =IF(AND(D5="Normal_Weight",G5<>"Normal"),"ERROR","OK") -> OK | I5: =IF(AND(LEFT(D5,10)="Overweight",G5<>"Overweight"),"ERROR","OK") -> OK
A6: =ObesityDataSet_raw_and_data_sin!A6 -> Male | B6: =ObesityDataSet_raw_and_data_sin!C6 -> 1.78 | C6: =ObesityDataSet_raw_and_data_sin!D6 -> 89.8 | D6: =ObesityDataSet_raw_and_data_sin!Q6 -> Overweight_Level_II | E6: =IF(AND(A6="Female", B6<1.5), TRUE, IF(AND(A6="Male",B6<1.6),TRUE, FALSE)) -> FALSE | F6: =C6/(B6*B6) -> 28.342381 | G6: =IF(E6=TRUE,IF(F6<23,"Normal",IF(F6<25,"Overweight","Obese")),IF(F6<25,"Normal",IF(F6<30,"Overweight","Obese"))) -> Overweight | H6: =IF(AND(D6="Normal_Weight",G6<>"Normal"),"ERROR","OK") -> OK | I6: =IF(AND(LEFT(D6,10)="Overweight",G6<>"Overweight"),"ERROR","OK") -> OK
A7: =ObesityDataSet_raw_and_data_sin!A7 -> Male | B7: =ObesityDataSet_raw_and_data_sin!C7 -> 1.62 | C7: =ObesityDataSet_raw_and_data_sin!D7 -> 53 | D7: =ObesityDataSet_raw_and_data_sin!Q7 -> Normal_Weight | E7: =IF(AND(A7="Female", B7<1.5), TRUE, IF(AND(A7="Male",B7<1.6),TRUE, FALSE)) -> FALSE | F7: =C7/(B7*B7) -> 20.195092 | G7: =IF(E7=TRUE,IF(F7<23,"Normal",IF(F7<25,"Overweight","Obese")),IF(F7<25,"Normal",IF(F7<30,"Overweight","Obese"))) -> Normal | H7: =IF(AND(D7="Normal_Weight",G7<>"Normal"),"ERROR","OK") -> OK | I7: =IF(AND(LEFT(D7,10)="Overweight",G7<>"Overweight"),"ERROR","OK") -> OK
A8: =ObesityDataSet_raw_and_data_sin!A8 -> Female | B8: =ObesityDataSet_raw_and_data_sin!C8 -> 1.5 | C8: =ObesityDataSet_raw_and_data_sin!D8 -> 55 | D8: =ObesityDataSet_raw_and_data_sin!Q8 -> Normal_Weight | E8: =IF(AND(A8="Female", B8<1.5), TRUE, IF(AND(A8="Male",B8<1.6),TRUE, FALSE)) -> FALSE | F8: =C8/(B8*B8) -> 24.444444 | G8: =IF(E8=TRUE,IF(F8<23,"Normal",IF(F8<25,"Overweight","Obese")),IF(F8<25,"Normal",IF(F8<30,"Overweight","Obese"))) -> Normal | H8: =IF(AND(D8="Normal_Weight",G8<>"Normal"),"ERROR","OK") -> OK | I8: =IF(AND(LEFT(D8,10)="Overweight",G8<>"Overweight"),"ERROR","OK") -> OK
A9: =ObesityDataSet_raw_and_data_sin!A9 -> Male | B9: =ObesityDataSet_raw_and_data_sin!C9 -> 1.64 | C9: =ObesityDataSet_raw_and_data_sin!D9 -> 53 | D9: =ObesityDataSet_raw_and_data_sin!Q9 -> Normal_Weight | E9: =IF(AND(A9="Female", B9<1.5), TRUE, IF(AND(A9="Male",B9<1.6),TRUE, FALSE)) -> FALSE | F9: =C9/(B9*B9) -> 19.705532 | G9: =IF(E9=TRUE,IF(F9<23,"Normal",IF(F9<25,"Overweight","Obese")),IF(F9<25,"Normal",IF(F9<30,"Overweight","Obese"))) -> Normal | H9: =IF(AND(D9="Normal_Weight",G9<>"Normal"),"ERROR","OK") -> OK | I9: =IF(AND(LEFT(D9,10)="Overweight",G9<>"Overweight"),"ERROR","OK") -> OK
A10: =ObesityDataSet_raw_and_data_sin!A10 -> Male | B10: =ObesityDataSet_raw_and_data_sin!C10 -> 1.78 | C10: =ObesityDataSet_raw_and_data_sin!D10 -> 64 | D10: =ObesityDataSet_raw_and_data_sin!Q10 -> Normal_Weight | E10: =IF(AND(A10="Female", B10<1.5), TRUE, IF(AND(A10="Male",B10<1.6),TRUE, FALSE)) -> FALSE | F10: =C10/(B10*B10) -> 20.19947 | G10: =IF(E10=TRUE,IF(F10<23,"Normal",IF(F10<25,"Overweight","Obese")),IF(F10<25,"Normal",IF(F10<30,"Overweight","Obese"))) -> Normal | H10: =IF(AND(D10="Normal_Weight",G10<>"Normal"),"ERROR","OK") -> OK | I10: =IF(AND(LEFT(D10,10)="Overweight",G10<>"Overweight"),"ERROR","OK") -> OK
A11: =ObesityDataSet_raw_and_data_sin!A11 -> Male | B11: =ObesityDataSet_raw_and_data_sin!C11 -> 1.72 | C11: =ObesityDataSet_raw_and_data_sin!D11 -> 68 | D11: =ObesityDataSet_raw_and_data_sin!Q11 -> Normal_Weight | E11: =IF(AND(A11="Female", B11<1.5), TRUE, IF(AND(A11="Male",B11<1.6),TRUE, FALSE)) -> FALSE | F11: =C11/(B11*B11) -> 22.985398 | G11: =IF(E11=TRUE,IF(F11<23,"Normal",IF(F11<25,"Overweight","Obese")),IF(F11<25,"Normal",IF(F11<30,"Overweight","Obese"))) -> Normal | H11: =IF(AND(D11="Normal_Weight",G11<>"Normal"),"ERROR","OK") -> OK | I11: =IF(AND(LEFT(D11,10)="Overweight",G11<>"Overweight"),"ERROR","OK") -> OK
A12: =ObesityDataSet_raw_and_data_sin!A12 -> Male | B12: =ObesityDataSet_raw_and_data_sin!C12 -> 1.85 | C12: =ObesityDataSet_raw_and_data_sin!D12 -> 105 | D12: =ObesityDataSet_raw_and_data_sin!Q12 -> Obesity_Type_I | E12: =IF(AND(A12="Female", B12<1.5), TRUE, IF(AND(A12="Male",B12<1.6),TRUE, FALSE)) -> FALSE | F12: =C12/(B12*B12) -> 30.679328 | G12: =IF(E12=TRUE,IF(F12<23,"Normal",IF(F12<25,"Overweight","Obese")),IF(F12<25,"Normal",IF(F12<30,"Overweight","Obese"))) -> Obese | H12: =IF(AND(D12="Normal_Weight",G12<>"Normal"),"ERROR","OK") -> OK | I12: =IF(AND(LEFT(D12,10)="Overweight",G12<>"Overweight"),"ERROR","OK") -> OK
A13: =ObesityDataSet_raw_and_data_sin!A13 -> Female | B13: =ObesityDataSet_raw_and_data_sin!C13 -> 1.72 | C13: =ObesityDataSet_raw_and_data_sin!D13 -> 80 | D13: =ObesityDataSet_raw_and_data_sin!Q13 -> Overweight_Level_II | E13: =IF(AND(A13="Female", B13<1.5), TRUE, IF(AND(A13="Male",B13<1.6),TRUE, FALSE)) -> FALSE | F13: =C13/(B13*B13) -> 27.041644 | G13: =IF(E13=TRUE,IF(F13<23,"Normal",IF(F13<25,"Overweight","Obese")),IF(F13<25,"Normal",IF(F13<30,"Overweight","Obese"))) -> Overweight | H13: =IF(AND(D13="Normal_Weight",G13<>"Normal"),"ERROR","OK") -> OK | I13: =IF(AND(LEFT(D13,10)="Overweight",G13<>"Overweight"),"ERROR","OK") -> OK
... A2112: =ObesityDataSet_raw_and_data_sin!A2112 -> Female | B2112: =ObesityDataSet_raw_and_data_sin!C2112 -> 1.738836 | C2112: =ObesityDataSet_raw_and_data_sin!D2112 -> 133.47264 | D2112: =ObesityDataSet_raw_and_data_sin!Q2112 -> Obesity_Type_III | E2112: =IF(AND(A2112="Female", B2112<1.5), TRUE, IF(AND(A2112="Male",B2112<1.6),TRUE, FALSE)) -> FALSE | F2112: =C2112/(B2112*B2112) -> 44.144338 | G2112: =IF(E2112=TRUE,IF(F2112<23,"Normal",IF(F2112<25,"Overweight","Obese")),IF(F2112<25,"Normal",IF(F2112<30,"Overweight","Obese"))) -> Obese | H2112: =IF(AND(D2112="Normal_Weight",G2112<>"Normal"),"ERROR","OK") -> OK | I2112: =IF(AND(LEFT(D2112,10)="Overweight",G2112<>"Overweight"),"ERROR","OK") -> OK

Sheet Stats
A1: Field | B1: =ObesityDataSet_raw_and_data_sin!A1 -> Gender | C1: =ObesityDataSet_raw_and_data_sin!B1 -> Age | D1: =ObesityDataSet_raw_and_data_sin!C1 -> Height | E1: =ObesityDataSet_raw_and_data_sin!D1 -> Weight | F1: =ObesityDataSet_raw_and_data_sin!E1 -> family_history_with_overweight | G1: =ObesityDataSet_raw_and_data_sin!F1 -> FAVC | H1: =ObesityDataSet_raw_and_data_sin!G1 -> FCVC | I1: =ObesityDataSet_raw_and_data_sin!H1 -> NCP | ... R1: =ObesityDataSet_raw_and_data_sin!Q1 -> NObeyesdad
A2: Range | C2: =MIN(ObesityDataSet_raw_and_data_sin!B:B)&"-"&MAX(ObesityDataSet_raw_and_data_sin!B:B) -> 14-61 | D2: =MIN(ObesityDataSet_raw_and_data_sin!C:C)&"-"&MAX(ObesityDataSet_raw_and_data_sin!C:C) -> 1.45-1.98 | E2: =MIN(ObesityDataSet_raw_and_data_sin!D:D)&"-"&MAX(ObesityDataSet_raw_and_data_sin!D:D) -> 39-173 | H2: =MIN(ObesityDataSet_raw_and_data_sin!G:G)&"-"&MAX(ObesityDataSet_raw_and_data_sin!G:G) -> 1-3 | I2: =MIN(ObesityDataSet_raw_and_data_sin!H:H)&"-"&MAX(ObesityDataSet_raw_and_data_sin!H:H) -> 1-4 | L2: =MIN(ObesityDataSet_raw_and_data_sin!K:K)&"-"&MAX(ObesityDataSet_raw_and_data_sin!K:K) -> 1-3 | N2: =MIN(ObesityDataSet_raw_and_data_sin!M:M)&"-"&MAX(ObesityDataSet_raw_and_data_sin!M:M) -> 0-3 | O2: =MIN(ObesityDataSet_raw_and_data_sin!N:N)&"-"&MAX(ObesityDataSet_raw_and_data_sin!N:N) -> 0-2
A3: Mean | C3: =AVERAGE(ObesityDataSet_raw_and_data_sin!B:B) -> 24.3126 | D3: =AVERAGE(ObesityDataSet_raw_and_data_sin!C:C) -> 1.7016774 | E3: =AVERAGE(ObesityDataSet_raw_and_data_sin!D:D) -> 86.586058 | H3: =AVERAGE(ObesityDataSet_raw_and_data_sin!G:G) -> 2.4190431 | I3: =AVERAGE(ObesityDataSet_raw_and_data_sin!H:H) -> 2.685628 | L3: =AVERAGE(ObesityDataSet_raw_and_data_sin!K:K) -> 2.0080114 | N3: =AVERAGE(ObesityDataSet_raw_and_data_sin!M:M) -> 1.0102977 | O3: =AVERAGE(ObesityDataSet_raw_and_data_sin!N:N) -> 0.65786592
A4: Mode | B4: {=_xlfn.TEXTJOIN("",1,_xlfn._xlws.FILTER(_xlfn.UNIQUE(ObesityDataSet_raw_and_data_sin!A:A),COUNTIF(ObesityDataSet_raw_and_data_sin!A:A,_xlfn.UNIQUE(ObesityDataSet_raw_and_data_sin!A:A))=MAX(COUNTIF(ObesityDataSet_raw_and_data_sin!A:A,_xlfn.UNIQUE(ObesityDataSet_raw_and_data_sin!A:A)))))} -> Male | C4: {=_xlfn.TEXTJOIN("",1,_xlfn._xlws.FILTER(_xlfn.UNIQUE(ObesityDataSet_raw_and_data_sin!B:B),COUNTIF(ObesityDataSet_raw_and_data_sin!B:B,_xlfn.UNIQUE(ObesityDataSet_raw_and_data_sin!B:B))=MAX(COUNTIF(ObesityDataSet_raw_and_data_sin!B:B,_xlfn.UNIQUE(ObesityDataSet_raw_and_data_sin!B:B)))))} -> 18 | D4: {=_xlfn.TEXTJOIN("",1,_xlfn._xlws.FILTER(_xlfn.UNIQUE(ObesityDataSet_raw_and_data_sin!C:C),COUNTIF(ObesityDataSet_raw_and_data_sin!C:C,_xlfn.UNIQUE(ObesityDataSet_raw_and_data_sin!C:C))=MAX(COUNTIF(ObesityDataSet_raw_and_data_sin!C:C,_xlfn.UNIQUE(ObesityDataSet_raw_and_data_sin!C:C)))))} -> 1.7 | E4: {=_xlfn.TEXTJOIN("",1,_xlfn._xlws.FILTER(_xlfn.UNIQUE(ObesityDataSet_raw_and_data_sin!D:D),COUNTIF(ObesityDataSet_raw_and_data_sin!D:D,_xlfn.UNIQUE(ObesityDataSet_raw_and_data_sin!D:D))=MAX(COUNTIF(ObesityDataSet_raw_and_data_sin!D:D,_xlfn.UNIQUE(ObesityDataSet_raw_and_data_sin!D:D)))))} -> 80 | F4: {=_xlfn.TEXTJOIN("",1,_xlfn._xlws.FILTER(_xlfn.UNIQUE(ObesityDataSet_raw_and_data_sin!E:E),COUNTIF(ObesityDataSet_raw_and_data_sin!E:E,_xlfn.UNIQUE(ObesityDataSet_raw_and_data_sin!E:E))=MAX(COUNTIF(ObesityDataSet_raw_and_data_sin!E:E,_xlfn.UNIQUE(ObesityDataSet_raw_and_data_sin!E:E)))))} -> yes | G4: {=_xlfn.TEXTJOIN("",1,_xlfn._xlws.FILTER(_xlfn.UNIQUE(ObesityDataSet_raw_and_data_sin!F:F),COUNTIF(ObesityDataSet_raw_and_data_sin!F:F,_xlfn.UNIQUE(ObesityDataSet_raw_and_data_sin!F:F))=MAX(COUNTIF(ObesityDataSet_raw_and_data_sin!F:F,_xlfn.UNIQUE(ObesityDataSet_raw_and_data_sin!F:F)))))} -> yes | H4: {=_xlfn.TEXTJOIN("",1,_xlfn._xlws.FILTER(_xlfn.UNIQUE(ObesityDataSet_raw_and_data_sin!G:G),COUNTIF(ObesityDataSet_raw_and_data_sin!G:G,_xlfn.UNIQUE(ObesityDataSet_raw_and_data_sin!G:G))=MAX(COUNTIF(ObesityDataSet_raw_and_data_sin!G:G,_xlfn.UNIQUE(ObesityDataSet_raw_and_data_sin!G:G)))))} -> 3 | I4: {=_xlfn.TEXTJOIN("",1,_xlfn._xlws.FILTER(_xlfn.UNIQUE(ObesityDataSet_raw_and_data_sin!H:H),COUNTIF(ObesityDataSet_raw_and_data_sin!H:H,_xlfn.UNIQUE(ObesityDataSet_raw_and_data_sin!H:H))=MAX(COUNTIF(ObesityDataSet_raw_and_data_sin!H:H,_xlfn.UNIQUE(ObesityDataSet_raw_and_data_sin!H:H)))))} -> 3 | J4: {=_xlfn.TEXTJOIN("",1,_xlfn._xlws.FILTER(_xlfn.UNIQUE(ObesityDataSet_raw_and_data_sin!I:I),COUNTIF(ObesityDataSet_raw_and_data_sin!I:I,_xlfn.UNIQUE(ObesityDataSet_raw_and_data_sin!I:I))=MAX(COUNTIF(ObesityDataSet_raw_and_data_sin!I:I,_xlfn.UNIQUE(ObesityDataSet_raw_and_data_sin!I:I)))))} -> Sometimes | K4: {=_xlfn.TEXTJOIN("",1,_xlfn._xlws.FILTER(_xlfn.UNIQUE(ObesityDataSet_raw_and_data_sin!J:J),COUNTIF(ObesityDataSet_raw_and_data_sin!J:J,_xlfn.UNIQUE(ObesityDataSet_raw_and_data_sin!J:J))=MAX(COUNTIF(ObesityDataSet_raw_and_data_sin!J:J,_xlfn.UNIQUE(ObesityDataSet_raw_and_data_sin!J:J)))))} -> no | L4: {=_xlfn.TEXTJOIN("",1,_xlfn._xlws.FILTER(_xlfn.UNIQUE(ObesityDataSet_raw_and_data_sin!K:K),COUNTIF(ObesityDataSet_raw_and_data_sin!K:K,_xlfn.UNIQUE(ObesityDataSet_raw_and_data_sin!K:K))=MAX(COUNTIF(ObesityDataSet_raw_and_data_sin!K:K,_xlfn.UNIQUE(ObesityDataSet_raw_and_data_sin!K:K)))))} -> 2 | M4: {=_xlfn.TEXTJOIN("",1,_xlfn._xlws.FILTER(_xlfn.UNIQUE(ObesityDataSet_raw_and_data_sin!L:L),COUNTIF(ObesityDataSet_raw_and_data_sin!L:L,_xlfn.UNIQUE(ObesityDataSet_raw_and_data_sin!L:L))=MAX(COUNTIF(ObesityDataSet_raw_and_data_sin!L:L,_xlfn.UNIQUE(ObesityDataSet_raw_and_data_sin!L:L)))))} -> no | N4: {=_xlfn.TEXTJOIN("",1,_xlfn._xlws.FILTER(_xlfn.UNIQUE(ObesityDataSet_raw_and_data_sin!M:M),COUNTIF(ObesityDataSet_raw_and_data_sin!M:M,_xlfn.UNIQUE(ObesityDataSet_raw_and_data_sin!M:M))=MAX(COUNTIF(ObesityDataSet_raw_and_data_sin!M:M,_xlfn.UNIQUE(ObesityDataSet_raw_and_data_sin!M:M)))))} -> 0 | O4: {=_xlfn.TEXTJOIN("",1,_xlfn._xlws.FILTER(_xlfn.UNIQUE(ObesityDataSet_raw_and_data_sin!N:N),COUNTIF(ObesityDataSet_raw_and_data_sin!N:N,_xlfn.UNIQUE(ObesityDataSet_raw_and_data_sin!N:N))=MAX(COUNTIF(ObesityDataSet_raw_and_data_sin!N:N,_xlfn.UNIQUE(ObesityDataSet_raw_and_data_sin!N:N)))))} -> 0 | P4: {=_xlfn.TEXTJOIN("",1,_xlfn._xlws.FILTER(_xlfn.UNIQUE(ObesityDataSet_raw_and_data_sin!O:O),COUNTIF(ObesityDataSet_raw_and_data_sin!O:O,_xlfn.UNIQUE(ObesityDataSet_raw_and_data_sin!O:O))=MAX(COUNTIF(ObesityDataSet_raw_and_data_sin!O:O,_xlfn.UNIQUE(ObesityDataSet_raw_and_data_sin!O:O)))))} -> Sometimes | Q4: {=_xlfn.TEXTJOIN("",1,_xlfn._xlws.FILTER(_xlfn.UNIQUE(ObesityDataSet_raw_and_data_sin!P:P),COUNTIF(ObesityDataSet_raw_and_data_sin!P:P,_xlfn.UNIQUE(ObesityDataSet_raw_and_data_sin!P:P))=MAX(COUNTIF(ObesityDataSet_raw_and_data_sin!P:P,_xlfn.UNIQUE(ObesityDataSet_raw_and_data_sin!P:P)))))} -> Public_Transportation | R4: {=_xlfn.TEXTJOIN("",1,_xlfn._xlws.FILTER(_xlfn.UNIQUE(ObesityDataSet_raw_and_data_sin!Q:Q),COUNTIF(ObesityDataSet_raw_and_data_sin!Q:Q,_xlfn.UNIQUE(ObesityDataSet_raw_and_data_sin!Q:Q))=MAX(COUNTIF(ObesityDataSet_raw_and_data_sin!Q:Q,_xlfn.UNIQUE(ObesityDataSet_raw_and_data_sin!Q:Q)))))} -> Obesity_Type_I
A5: Sample Variance | C5: =_xlfn.VAR.S(ObesityDataSet_raw_and_data_sin!B:B) -> 40.271313 | D5: =_xlfn.VAR.S(ObesityDataSet_raw_and_data_sin!C:C) -> 0.0087057894 | E5: =_xlfn.VAR.S(ObesityDataSet_raw_and_data_sin!D:D) -> 685.97748 | H5: =_xlfn.VAR.S(ObesityDataSet_raw_and_data_sin!G:G) -> 0.28507759 | I5: =_xlfn.VAR.S(ObesityDataSet_raw_and_data_sin!H:H) -> 0.60534414 | L5: =_xlfn.VAR.S(ObesityDataSet_raw_and_data_sin!K:K) -> 0.37571193 | N5: =_xlfn.VAR.S(ObesityDataSet_raw_and_data_sin!M:M) -> 0.72350748 | O5: =_xlfn.VAR.S(ObesityDataSet_raw_and_data_sin!N:N) -> 0.37079241
A7: Classification | B7: Range over all | C7: Range first 498
A8: Insufficient_Weight Min | B8: =_xlfn.MINIFS('Derived Fields'!F:F,'Derived Fields'!D:D,"Insufficient_Weight") -> 12.998685 | C8: =_xlfn.MINIFS('Derived Fields'!F1:F499,'Derived Fields'!D1:D499,"Insufficient_Weight") -> 13.291588
A9: Insufficient_Weight Max | B9: =_xlfn.MAXIFS('Derived Fields'!F:F,'Derived Fields'!D:D,"Insufficient_Weight") -> 19.082206 | C9: =_xlfn.MAXIFS('Derived Fields'!F1:F499,'Derived Fields'!D1:D499,"Insufficient_Weight") -> 18.424036
A10: Normal Min | B10: =_xlfn.MINIFS('Derived Fields'!F:F,'Derived Fields'!D:D,"Normal_Weight") -> 18.491124 | C10: =_xlfn.MINIFS('Derived Fields'!F1:F499,'Derived Fields'!D1:D499,"Normal_Weight") -> 18.491124
A11: Normal Max | B11: =_xlfn.MAXIFS('Derived Fields'!F:F,'Derived Fields'!D:D,"Normal_Weight") -> 24.913495 | C11: =_xlfn.MAXIFS('Derived Fields'!F1:F499,'Derived Fields'!D1:D499,"Normal_Weight") -> 24.913495
A12: Overweight_Level_I Min | B12: =_xlfn.MINIFS('Derived Fields'!F:F,'Derived Fields'!D:D,"Overweight_Level_I") -> 22.826739 | C12: =_xlfn.MINIFS('Derived Fields'!F1:F499,'Derived Fields'!D1:D499,"Overweight_Level_I") -> 25.076193
A13: Overweight_Level_I Max | B13: =_xlfn.MAXIFS('Derived Fields'!F:F,'Derived Fields'!D:D,"Overweight_Level_I") -> 28.769607 | C13: =_xlfn.MAXIFS('Derived Fields'!F1:F499,'Derived Fields'!D1:D499,"Overweight_Level_I") -> 26.892323
A14: Overweight_Level_II Min | B14: =_xlfn.MINIFS('Derived Fields'!F:F,'Derived Fields'!D:D,"Overweight_Level_II") -> 25.713513 | C14: =_xlfn.MINIFS('Derived Fields'!F1:F499,'Derived Fields'!D1:D499,"Overweight_Level_II") -> 26.989619
A15: Overweight_Level_II Max | B15: =_xlfn.MAXIFS('Derived Fields'!F:F,'Derived Fields'!D:D,"Overweight_Level_II") -> 30.362877 | C15: =_xlfn.MAXIFS('Derived Fields'!F1:F499,'Derived Fields'!D1:D499,"Overweight_Level_II") -> 29.938272
A16: Obesity_Type_I Min | B16: =_xlfn.MINIFS('Derived Fields'!F:F,'Derived Fields'!D:D,"Obesity_Type_I") -> 29.911958 | C16: =_xlfn.MINIFS('Derived Fields'!F1:F499,'Derived Fields'!D1:D499,"Obesity_Type_I") -> 30.110279
A17: Obesity_Type_I Max | B17: =_xlfn.MAXIFS('Derived Fields'!F:F,'Derived Fields'!D:D,"Obesity_Type_I") -> 35.171095 | C17: =_xlfn.MAXIFS('Derived Fields'!F1:F499,'Derived Fields'!D1:D499,"Obesity_Type_I") -> 34.894399
A18: Obesity_Type_II Min | B18: =_xlfn.MINIFS('Derived Fields'!F:F,'Derived Fields'!D:D,"Obesity_Type_II") -> 34.048509 | C18: =_xlfn.MINIFS('Derived Fields'!F1:F499,'Derived Fields'!D1:D499,"Obesity_Type_II") -> 35.003199
A19: Obesity_Type_II Max | B19: =_xlfn.MAXIFS('Derived Fields'!F:F,'Derived Fields'!D:D,"Obesity_Type_II") -> 39.786652 | C19: =_xlfn.MAXIFS('Derived Fields'!F1:F499,'Derived Fields'!D1:D499,"Obesity_Type_II") -> 39.257812
A20: Obesity_Type_III Min | B20: =_xlfn.MINIFS('Derived Fields'!F:F,'Derived Fields'!D:D,"Obesity_Type_III") -> 36.7744 | C20: =_xlfn.MINIFS('Derived Fields'!F1:F499,'Derived Fields'!D1:D499,"Obesity_Type_III") -> 40.644506
A21: Obesity_Type_III Max | B21: =_xlfn.MAXIFS('Derived Fields'!F:F,'Derived Fields'!D:D,"Obesity_Type_III") -> 50.811753 | C21: =_xlfn.MAXIFS('Derived Fields'!F1:F499,'Derived Fields'!D1:D499,"Obesity_Type_III") -> 49.47239
A23: Counts | B23: First 498 | C23: All
A24: Insufficient_Weight | B24: =COUNTIFS('Derived Fields'!D1:D499,"Insufficient_Weight") -> 34 | C24: =COUNTIFS('Derived Fields'!D:D,"Insufficient_Weight") -> 272
A25: Normal | B25: =COUNTIFS('Derived Fields'!D1:D499,"Normal_Weight") -> 287 | C25: =COUNTIFS('Derived Fields'!D:D,"Normal_Weight") -> 287
A26: Overweight_Level_I | B26: =COUNTIFS('Derived Fields'!D1:D499,"Overweight_Level_I") -> 58 | C26: =COUNTIFS('Derived Fields'!D:D,"Overweight_Level_I") -> 290
A27: Overweight_Level_II | B27: =COUNTIFS('Derived Fields'!D1:D499,"Overweight_Level_II") -> 58 | C27: =COUNTIFS('Derived Fields'!D:D,"Overweight_Level_II") -> 290
A28: Obesity_Type_I | B28: =COUNTIFS('Derived Fields'!D1:D499,"Obesity_Type_I") -> 47 | C28: =COUNTIFS('Derived Fields'!D:D,"Obesity_Type_I") -> 351
A29: Obesity_Type_II | B29: =COUNTIFS('Derived Fields'!D1:D499,"Obesity_Type_II") -> 11 | C29: =COUNTIFS('Derived Fields'!D:D,"Obesity_Type_II") -> 297
A30: Obesity_Type_III | B30: =COUNTIFS('Derived Fields'!D1:D499,"Obesity_Type_III") -> 3 | C30: =COUNTIFS('Derived Fields'!D:D,"Obesity_Type_III") -> 324
